<?xml version="1.0"?>
<antlib>
    <taskdef name="layout" classname="jetbrains.antlayout.tasks.LayoutTask"/>
    <typedef name="jar" classname="jetbrains.antlayout.datatypes.JarContainer"/>
    <typedef name="zip" classname="jetbrains.antlayout.datatypes.ZipContainer"/>
    <typedef name="dir" classname="jetbrains.antlayout.datatypes.DirContainer"/>
    <typedef name="renamedFile" classname="jetbrains.antlayout.datatypes.RenamedFileContainer"/>
    <typedef name="extractedDir" classname="jetbrains.antlayout.datatypes.ExtractedDirContent"/>
    <typedef name="module" classname="jetbrains.antlayout.datatypes.IdeaModule"/>
    <typedef name="moduleTests" classname="jetbrains.antlayout.datatypes.IdeaModuleTests"/>
</antlib>